RMSE,MAE,MAPE
1923.321544666182,1254.4816930478012,3002.657719698283
