RMSE,MAE,MAPE
2536.672074678932,891.2994240373182,368.2812948885804
